dataset,total_records,legitimate,phishing_or_malicious,unknown_labels,other_labels,phishing_percentage
CEAS_08,38963,17289,21674,0,0,55.627133434283806
Enron,29423,15474,13949,0,0,47.40848995683648
Ling,2859,2401,458,0,0,16.01958726827562
Nazario_5,3050,1498,1552,0,0,50.885245901639344
Nazario,1552,0,1552,0,0,100.0
Nigerian_5,6287,2994,3293,0,0,52.377922697630034
Nigerian_Fraud,3293,0,3293,0,0,100.0
SpamAssasin,5802,4090,1712,0,0,29.507066528783177
TREC_07,53461,24344,29117,0,0,54.46400179570154
