sample_id,source_dataset,original_url,clean_url,domain,url_length,domain_length,label
phiusiil_018289,phiusiil,http://www.1x.com,http://www.1x.com,www.1x.com,17,10,1
phiusiil_070267,phiusiil,https://www.1x.com,https://www.1x.com,www.1x.com,18,10,0
phiusiil_072175,phiusiil,http://www.adgf.am,http://www.adgf.am,www.adgf.am,18,11,1
phiusiil_074698,phiusiil,https://www.adgf.am,https://www.adgf.am,www.adgf.am,19,11,0
phiusiil_028127,phiusiil,https://www.airlinemeals.net,https://www.airlinemeals.net,www.airlinemeals.net,28,20,0
phiusiil_215031,phiusiil,http://www.airlinemeals.net,http://www.airlinemeals.net,www.airlinemeals.net,27,20,1
phiusiil_064495,phiusiil,http://www.alphauniforms.ae,http://www.alphauniforms.ae,www.alphauniforms.ae,27,20,1
phiusiil_135467,phiusiil,https://www.alphauniforms.ae,https://www.alphauniforms.ae,www.alphauniforms.ae,28,20,0
phiusiil_049956,phiusiil,https://www.amna.gr,https://www.amna.gr,www.amna.gr,19,11,0
phiusiil_209347,phiusiil,http://www.amna.gr,http://www.amna.gr,www.amna.gr,18,11,1
phiusiil_130951,phiusiil,https://www.bestdoctors.com,https://www.bestdoctors.com,www.bestdoctors.com,27,19,0
phiusiil_132678,phiusiil,http://www.bestdoctors.com/wp-content/themes/chpost/ch/clients/details.php?verification,http://www.bestdoctors.com/wp-content/themes/chpost/ch/clients/details.php?verification,www.bestdoctors.com,87,19,1
phiusiil_058713,phiusiil,https://www.cbass.com,https://www.cbass.com,www.cbass.com,21,13,0
phiusiil_145998,phiusiil,http://www.cbass.com,http://www.cbass.com,www.cbass.com,20,13,1
phiusiil_073463,phiusiil,https://www.che-fare.com,https://www.che-fare.com,www.che-fare.com,24,16,0
phiusiil_155096,phiusiil,http://www.che-fare.com,http://www.che-fare.com,www.che-fare.com,23,16,1
phiusiil_067883,phiusiil,https://www.chippc.com,https://www.chippc.com,www.chippc.com,22,14,0
phiusiil_115131,phiusiil,http://www.chippc.com,http://www.chippc.com,www.chippc.com,21,14,1
phiusiil_083803,phiusiil,https://www.coinmama.com,https://www.coinmama.com,www.coinmama.com,24,16,0
phiusiil_196245,phiusiil,http://www.coinmama.com,http://www.coinmama.com,www.coinmama.com,23,16,1
phiusiil_180386,phiusiil,http://www.cutt.ly/s3djrey/,http://www.cutt.ly/s3djrey/,www.cutt.ly,27,11,1
phiusiil_209606,phiusiil,https://www.cutt.ly,https://www.cutt.ly,www.cutt.ly,19,11,0
phiusiil_038167,phiusiil,http://www.dailynk.com,http://www.dailynk.com,www.dailynk.com,22,15,1
phiusiil_068743,phiusiil,https://www.dailynk.com,https://www.dailynk.com,www.dailynk.com,23,15,0
phiusiil_164715,phiusiil,http://www.drivehq.com,http://www.drivehq.com,www.drivehq.com,22,15,1
phiusiil_212262,phiusiil,https://www.drivehq.com,https://www.drivehq.com,www.drivehq.com,23,15,0
phiusiil_165236,phiusiil,https://www.dynu.com,https://www.dynu.com,www.dynu.com,20,12,0
phiusiil_215073,phiusiil,http://www.dynu.com,http://www.dynu.com,www.dynu.com,19,12,1
phiusiil_195242,phiusiil,http://www.ecrater.com,http://www.ecrater.com,www.ecrater.com,22,15,1
phiusiil_213162,phiusiil,https://www.ecrater.com,https://www.ecrater.com,www.ecrater.com,23,15,0
phiusiil_036057,phiusiil,https://www.education.gouv.fr/,https://www.education.gouv.fr/,www.education.gouv.fr,30,21,1
phiusiil_084900,phiusiil,https://www.education.gouv.fr,https://www.education.gouv.fr,www.education.gouv.fr,29,21,0
phiusiil_023455,phiusiil,https://www.electrum.org,https://www.electrum.org,www.electrum.org,24,16,0
phiusiil_054971,phiusiil,http://www.electrum.org,http://www.electrum.org,www.electrum.org,23,16,1
phiusiil_163359,phiusiil,https://www.experiencenano.com,https://www.experiencenano.com,www.experiencenano.com,30,22,0
phiusiil_206302,phiusiil,http://www.experiencenano.com,http://www.experiencenano.com,www.experiencenano.com,29,22,1
phiusiil_096614,phiusiil,http://www.getmonero.org,http://www.getmonero.org,www.getmonero.org,24,17,1
phiusiil_193230,phiusiil,https://www.getmonero.org,https://www.getmonero.org,www.getmonero.org,25,17,0
phiusiil_039345,phiusiil,http://www.guysboroughjournal.com/_ad.php?url=https://ecolebiblique.com//onedriverjs/index.php,http://www.guysboroughjournal.com/_ad.php?url=https://ecolebiblique.com//onedriverjs/index.php,www.guysboroughjournal.com,94,26,1
phiusiil_062248,phiusiil,https://www.guysboroughjournal.com,https://www.guysboroughjournal.com,www.guysboroughjournal.com,34,26,0
phiusiil_006684,phiusiil,https://www.ikarussecurity.com,https://www.ikarussecurity.com,www.ikarussecurity.com,30,22,0
phiusiil_150129,phiusiil,http://www.ikarussecurity.com,http://www.ikarussecurity.com,www.ikarussecurity.com,29,22,1
phiusiil_014177,phiusiil,https://www.im-creator.com,https://www.im-creator.com,www.im-creator.com,26,18,0
phiusiil_190610,phiusiil,http://www.im-creator.com/free/lease-used-van/leaseusedvan357,http://www.im-creator.com/free/lease-used-van/leaseusedvan357,www.im-creator.com,61,18,1
phiusiil_092215,phiusiil,https://www.imcreator.com,https://www.imcreator.com,www.imcreator.com,25,17,0
phiusiil_177696,phiusiil,http://www.imcreator.com/viewer/vbid-fa0f29d5-fpsjmms8,http://www.imcreator.com/viewer/vbid-fa0f29d5-fpsjmms8,www.imcreator.com,54,17,1
phiusiil_085127,phiusiil,http://www.indire.it,http://www.indire.it,www.indire.it,20,13,1
phiusiil_183625,phiusiil,https://www.indire.it,https://www.indire.it,www.indire.it,21,13,0
phiusiil_058785,phiusiil,https://www.indushealthplus.com/common/comps/ali/portal.php?email=enquiry.pfs@prima.com.sg,https://www.indushealthplus.com/common/comps/ali/portal.php?email=enquiry.pfs@prima.com.sg,www.indushealthplus.com,90,23,1
phiusiil_075631,phiusiil,https://www.indushealthplus.com,https://www.indushealthplus.com,www.indushealthplus.com,31,23,0
phiusiil_087819,phiusiil,https://www.indushealthplus.com/common/comps/ali/portal.php,https://www.indushealthplus.com/common/comps/ali/portal.php,www.indushealthplus.com,59,23,1
phiusiil_194480,phiusiil,https://www.indushealthplus.com/common/comps/hollin/portal.php,https://www.indushealthplus.com/common/comps/hollin/portal.php,www.indushealthplus.com,62,23,1
phiusiil_118895,phiusiil,https://www.ip2location.com,https://www.ip2location.com,www.ip2location.com,27,19,0
phiusiil_128918,phiusiil,http://www.ip2location.com,http://www.ip2location.com,www.ip2location.com,26,19,1
phiusiil_018016,phiusiil,http://www.ipify.org,http://www.ipify.org,www.ipify.org,20,13,1
phiusiil_093490,phiusiil,https://www.ipify.org,https://www.ipify.org,www.ipify.org,21,13,0
phiusiil_092438,phiusiil,http://www.ipinfodb.com,http://www.ipinfodb.com,www.ipinfodb.com,23,16,1
phiusiil_182580,phiusiil,https://www.ipinfodb.com,https://www.ipinfodb.com,www.ipinfodb.com,24,16,0
phiusiil_092654,phiusiil,http://www.iplocation.net,http://www.iplocation.net,www.iplocation.net,25,18,1
phiusiil_121256,phiusiil,https://www.iplocation.net,https://www.iplocation.net,www.iplocation.net,26,18,0
phiusiil_191066,phiusiil,https://www.jaxx.io,https://www.jaxx.io,www.jaxx.io,19,11,0
phiusiil_213102,phiusiil,http://www.jaxx.io,http://www.jaxx.io,www.jaxx.io,18,11,1
phiusiil_022560,phiusiil,https://www.kashmirhills.com/ml/linkedinhardxxx/900,https://www.kashmirhills.com/ml/linkedinhardxxx/900,www.kashmirhills.com,51,20,1
phiusiil_029865,phiusiil,http://www.kashmirhills.com,http://www.kashmirhills.com,www.kashmirhills.com,27,20,1
phiusiil_221729,phiusiil,https://www.kashmirhills.com,https://www.kashmirhills.com,www.kashmirhills.com,28,20,0
phiusiil_041101,phiusiil,https://www.laemchabanggolf.com,https://www.laemchabanggolf.com,www.laemchabanggolf.com,31,23,0
phiusiil_119850,phiusiil,https://www.laemchabanggolf.com/mydpd9019101029/nr/,https://www.laemchabanggolf.com/mydpd9019101029/nr/,www.laemchabanggolf.com,51,23,1
phiusiil_132889,phiusiil,https://www.leaguelineup.com,https://www.leaguelineup.com,www.leaguelineup.com,28,20,0
phiusiil_173511,phiusiil,http://www.leaguelineup.com,http://www.leaguelineup.com,www.leaguelineup.com,27,20,1
phiusiil_006155,phiusiil,https://www.linkedin.com/slink?code=e8cqjkqf,https://www.linkedin.com/slink?code=e8cqjkqf,www.linkedin.com,44,16,1
phiusiil_036526,phiusiil,https://www.linkedin.com,https://www.linkedin.com,www.linkedin.com,24,16,0
phiusiil_093206,phiusiil,http://www.mod.gov.in,http://www.mod.gov.in,www.mod.gov.in,21,14,1
phiusiil_161437,phiusiil,https://www.mod.gov.in,https://www.mod.gov.in,www.mod.gov.in,22,14,0
phiusiil_109465,phiusiil,http://www.nnpstv.com,http://www.nnpstv.com,www.nnpstv.com,21,14,1
phiusiil_152157,phiusiil,https://www.nnpstv.com,https://www.nnpstv.com,www.nnpstv.com,22,14,0
phiusiil_157867,phiusiil,http://www.noip.com,http://www.noip.com,www.noip.com,19,12,1
phiusiil_209261,phiusiil,https://www.noip.com,https://www.noip.com,www.noip.com,20,12,0
phiusiil_039528,phiusiil,http://www.nsupdate.info,http://www.nsupdate.info,www.nsupdate.info,24,17,1
phiusiil_191655,phiusiil,https://www.nsupdate.info,https://www.nsupdate.info,www.nsupdate.info,25,17,0
phiusiil_122223,phiusiil,https://www.poompuhar.com,https://www.poompuhar.com,www.poompuhar.com,25,17,0
phiusiil_156411,phiusiil,http://www.poompuhar.com/ar/wp-content/uploads/2021/03/bid/information.php,http://www.poompuhar.com/ar/wp-content/uploads/2021/03/bid/information.php,www.poompuhar.com,74,17,1
phiusiil_200746,phiusiil,http://www.poompuhar.com/ar/wp-content/uploads/2021/03/bid/login.php,http://www.poompuhar.com/ar/wp-content/uploads/2021/03/bid/login.php,www.poompuhar.com,68,17,1
phiusiil_114896,phiusiil,https://www.privateinternetaccess.com,https://www.privateinternetaccess.com,www.privateinternetaccess.com,37,29,0
phiusiil_155873,phiusiil,http://www.privateinternetaccess.com,http://www.privateinternetaccess.com,www.privateinternetaccess.com,36,29,1
phiusiil_092746,phiusiil,http://www.sexobazaar.com,http://www.sexobazaar.com,www.sexobazaar.com,25,18,1
phiusiil_230739,phiusiil,https://www.sexobazaar.com,https://www.sexobazaar.com,www.sexobazaar.com,26,18,0
phiusiil_007029,phiusiil,https://www.sydneyartsguide.com.au/wp-content/jan/index.php,https://www.sydneyartsguide.com.au/wp-content/jan/index.php,www.sydneyartsguide.com.au,59,26,1
phiusiil_173660,phiusiil,https://www.sydneyartsguide.com.au,https://www.sydneyartsguide.com.au,www.sydneyartsguide.com.au,34,26,0
phiusiil_003333,phiusiil,https://www.tracemyip.org,https://www.tracemyip.org,www.tracemyip.org,25,17,0
phiusiil_092517,phiusiil,http://www.tracemyip.org,http://www.tracemyip.org,www.tracemyip.org,24,17,1
phiusiil_141185,phiusiil,http://www.tribalpages.com,http://www.tribalpages.com,www.tribalpages.com,26,19,1
phiusiil_232054,phiusiil,https://www.tribalpages.com,https://www.tribalpages.com,www.tribalpages.com,27,19,0
phiusiil_127886,phiusiil,https://www.ucoz.com,https://www.ucoz.com,www.ucoz.com,20,12,0
phiusiil_147772,phiusiil,http://www.ucoz.com,http://www.ucoz.com,www.ucoz.com,19,12,1
phiusiil_085341,phiusiil,https://www.valmieraszinas.lv,https://www.valmieraszinas.lv,www.valmieraszinas.lv,29,21,0
phiusiil_216788,phiusiil,https://www.valmieraszinas.lv/wp-content/ctis.ndmi/bmc.sipc.php,https://www.valmieraszinas.lv/wp-content/ctis.ndmi/bmc.sipc.php,www.valmieraszinas.lv,63,21,1
phiusiil_059016,phiusiil,http://www.vpncompare.co.uk,http://www.vpncompare.co.uk,www.vpncompare.co.uk,27,20,1
phiusiil_141770,phiusiil,https://www.vpncompare.co.uk,https://www.vpncompare.co.uk,www.vpncompare.co.uk,28,20,0
phiusiil_015063,phiusiil,http://www.w3.org,http://www.w3.org,www.w3.org,17,10,1
phiusiil_037934,phiusiil,https://www.w3.org,https://www.w3.org,www.w3.org,18,10,0
phiusiil_014425,phiusiil,http://www.webwire.com,http://www.webwire.com,www.webwire.com,22,15,1
phiusiil_224879,phiusiil,https://www.webwire.com,https://www.webwire.com,www.webwire.com,23,15,0
phiusiil_046893,phiusiil,http://www.whatismybrowser.com,http://www.whatismybrowser.com,www.whatismybrowser.com,30,23,1
phiusiil_095172,phiusiil,https://www.whatismybrowser.com,https://www.whatismybrowser.com,www.whatismybrowser.com,31,23,0
phiusiil_015229,phiusiil,https://www.whatismypublicip.com,https://www.whatismypublicip.com,www.whatismypublicip.com,32,24,0
phiusiil_100240,phiusiil,http://www.whatismypublicip.com,http://www.whatismypublicip.com,www.whatismypublicip.com,31,24,1
phiusiil_055441,phiusiil,https://www.whattomine.com,https://www.whattomine.com,www.whattomine.com,26,18,0
phiusiil_164801,phiusiil,http://www.whattomine.com,http://www.whattomine.com,www.whattomine.com,25,18,1
phiusiil_019326,phiusiil,http://www.yola.com,http://www.yola.com,www.yola.com,19,12,1
phiusiil_079816,phiusiil,https://www.yola.com,https://www.yola.com,www.yola.com,20,12,0
phiusiil_073387,phiusiil,http://www.yougetsignal.com,http://www.yougetsignal.com,www.yougetsignal.com,27,20,1
phiusiil_201797,phiusiil,https://www.yougetsignal.com,https://www.yougetsignal.com,www.yougetsignal.com,28,20,0
